Phages designation,Escherichia_coli_vB_Eco1035,Escherichia_coli_vB_Eco1008,Escherichia_coli_vB_Eco1017,Escherichia_coli_vB_Eco1043,Escherichia_coli_vB_Eco1038,Escherichia_coli_vB_Eco1033,Escherichia_coli_vB_Eco1022,Escherichia_coli_vB_Eco1016,Escherichia_coli_vB_Eco1007,Escherichia_coli_vB_Eco1011,Escherichia_coli_vB_Eco1018,Escherichia_coli_vB_Eco1010,Escherichia_coli_vB_Eco1034,Escherichia_coli_vB_Eco1013,Escherichia_coli_vB_Eco1024,Escherichia_coli_vB_Eco1031,Escherichia_coli_vB_Eco1014,Escherichia_coli_vB_Eco1027,Escherichia_coli_vB_Eco1019,Escherichia_coli_vB_Eco1026,Escherichia_coli_vB_Eco1025,Escherichia_coli_vB_Eco1020,Staphylococcus_virus_K,Staphylococcus_virus_71,Staphylococcus_virus_3a,Staphylococcus_phage_44AHJD,Staphylococcus_phage_P68,Staphylococcus_phage_Sb-1,Acinetobacter baumannii phi3060,Acinetobacter baumannii phi3049,Acinetobacter baumannii phi3071,Acinetobacter baumannii phi3043,Acinetobacter baumannii phi3072,Acinetobacter baumannii phi3003,Pseudomonas_aeruginosa_4052,Pseudomonas_aeruginosa_4071,Pseudomonas_aeruginosa_4024,Pseudomonas_aeruginosa_4058,Pseudomonas_aeruginosa_4051,Pseudomonas_aeruginosa_4056,Pseudomonas_aeruginosa_4060,Pseudomonas_aeruginosa_4072,Pseudomonas_aeruginosa_4059,Pseudomonas_aeruginosa_4065,Pseudomonas_aeruginosa_4061,Pseudomonas_aeruginosa_4064,Pseudomonas_aeruginosa_4068,Pseudomonas_aeruginosa_4057,Pseudomonas_aeruginosa_4025,Pseudomonas_aeruginosa_4063,Pseudomonas_aeruginosa_4002,Pseudomonas_aeruginosa_4047,Pseudomonas_aeruginosa_4032,Pseudomonas_aeruginosa_4031,Pseudomonas_aeruginosa_4049,Pseudomonas_aeruginosa_4070,Pseudomonas_aeruginosa_4026,Pseudomonas_aeruginosa_4020,Pseudomonas_aeruginosa_4008,Pseudomonas_aeruginosa_4067,Pseudomonas_aeruginosa_4069,Pseudomonas_aeruginosa_4066,Pseudomonas_aeruginosa_4029,Pseudomonas_aeruginosa_4005,Pseudomonas_aeruginosa_4003,Pseudomonas_aeruginosa_4030,Pseudomonas_aeruginosa_4021,Pseudomonas_aeruginosa_4045,Pseudomonas_aeruginosa_4017,Staphylococcus_virus_77
Escherichia_coli_vB_Eco1035,1,0.825000055063626,0.077177041236134,0.078498047362555,0.710411922766081,0.075798355137029,0.078943229677101,0.075431597368023,0.08007185309143,0.075894375320276,0.086666608565947,0.080085437627431,0.079178784071026,0.076422833388573,0.100499351381829,0.078891912416598,0.581192747948197,0.09683632662066,0.073685714048247,0.07605668496844,0.086189061702167,0.075096075832616,0.09351842128847,0.081930632054403,0.082651567346679,0.075408733452172,0.077613865944198,0.09225010078087,0.07657355016847,0.076957693726909,0.078145763900474,0.076930435617055,0.079894512377805,0.077526742694958,0.07706284324373,0.082978807703934,0.0820752433575,0.076440118723873,0.077023713296359,0.076657579647425,0.083348823689944,0.083317201630371,0.076567659323689,0.07739400970604,0.081435089578983,0.081351449647814,0.077250126111492,0.094520100766171,0.08222106067185,0.083839537606962,0.078838742210147,0.07887726423505,0.078547477722929,0.07825013668479,0.076990605831663,0.079388354647877,0.080047714614595,0.079098672588511,0.07924083630361,0.073004741962984,0.073922333643974,0.079254208323884,0.07876555302145,0.080062804012575,0.078950058508119,0.07790558286575,0.075121853732188,0.078789450563016,0.079487587032942,0.082334714178954
Escherichia_coli_vB_Eco1008,0.888490812439061,1,0.081759116501559,0.083705231510199,0.723399560743614,0.081533122470824,0.083811523145956,0.080761356799842,0.085418844618798,0.082075558404013,0.093164543786652,0.085409828661446,0.083384229217102,0.082324593059877,0.100798740353996,0.084467180738386,0.572309901467304,0.099844622175556,0.078911260918729,0.080693221243904,0.091500994819588,0.079427763795765,0.099812575739587,0.087321588169232,0.088798391310139,0.080982383484963,0.083015154315483,0.098386373355867,0.08157904464411,0.081702077392786,0.082961682498705,0.081743944809579,0.085431851303684,0.082633588108662,0.081939219714813,0.087465290720227,0.086350950897766,0.081840293950455,0.082654753733151,0.081706690817611,0.088733488089881,0.088455302859691,0.081575050679945,0.082251990326264,0.086228674949308,0.086142279168327,0.082260566483425,0.099381071653209,0.086312647108194,0.088062828819252,0.083561902691827,0.083612922421493,0.083320211978095,0.083135116057542,0.082327835810881,0.083948362551611,0.084839788186793,0.083915722515201,0.084267558511543,0.077195259496798,0.079106006040935,0.083927177398712,0.083511612181387,0.084859034340041,0.084089502167634,0.082440988228162,0.079929600062804,0.084565557638806,0.084415483494975,0.086938474973171
Escherichia_coli_vB_Eco1017,0.08555614599113,0.085789646209279,1,0.079523594817008,0.084437973720423,0.380400124153882,0.11093286604543,0.334444581897256,0.077860155326311,0.362392442178708,0.112666344922302,0.078012428648344,0.112004044193197,0.381871464611518,0.090594961809515,0.081256492625761,0.08530786505804,0.08494220118567,0.073231742594113,0.102032531287245,0.107422587620819,0.076405849758173,0.084293132879021,0.07902696124889,0.082344890542451,0.068627609299196,0.069257794668393,0.08403548505366,0.086651161494032,0.091596691871768,0.094374028725155,0.093181399955115,0.0765652545541,0.093050498563534,0.083072093594468,0.084699482794213,0.081110221644963,0.08210342031319,0.083848337042434,0.082701335974006,0.085666550388489,0.08591650981003,0.083627535779244,0.083274571447397,0.08278678996167,0.083713793788842,0.084485661982302,0.093030696889507,0.082444493314708,0.084598308528641,0.077834628850595,0.08010874680701,0.077912465246729,0.077572000314418,0.08229755161992,0.080664235681751,0.081094779562954,0.079863949696641,0.080757638613776,0.075701995458092,0.073821511842431,0.079863039172543,0.079989548279745,0.081590566138043,0.080700585152912,0.076207630845984,0.095850512600037,0.07923718581796,0.081009135662814,0.08196747593457
Escherichia_coli_vB_Eco1043,0.095365878289192,0.09486202129919,0.084390429098313,1,0.094097133044049,0.086309025518341,0.083481339407829,0.084810811446231,0.3018549451636,0.084592553236092,0.113183321861473,0.30366161924965,0.083252864697168,0.08717060326956,0.097933068645624,0.320584446094185,0.097307567058412,0.097949674766683,0.100882526773098,0.087700413102867,0.095201260179439,0.090492593257575,0.096956134845404,0.084830293464136,0.084809223519111,0.079381960752494,0.081010106252049,0.097369070047684,0.084606810703879,0.082748700193964,0.084567015956135,0.083391632637057,0.08973236069523,0.082854859863612,0.083042098254256,0.086493978416655,0.086012186556941,0.082395848086488,0.081967846535985,0.082252171333663,0.089170472424165,0.090071637585337,0.082079429644745,0.083823236280957,0.089868826665165,0.089507589288194,0.081715163683918,0.096760019435669,0.083817548281134,0.086593713643855,0.08580768100068,0.088430762339438,0.087910290810873,0.087046332323997,0.083217542313356,0.08830812896762,0.086844521756257,0.088612774558327,0.086643659079884,0.080568060305337,0.081800302100525,0.088065916664272,0.088192890738512,0.086670519139257,0.085736630306634,0.085158233426967,0.084216543554833,0.09476289876161,0.086114639334669,0.084260630290381
Escherichia_coli_vB_Eco1038,0.856784214882452,0.780436875816664,0.083779080084191,0.086022188578404,1,0.084214762972176,0.084983352628478,0.082421358359542,0.087066690188325,0.084360845986726,0.094750351425772,0.087082955055678,0.084695013036295,0.084109110047655,0.102066478264297,0.087029306766746,0.544858448955828,0.101503888295623,0.080443900786646,0.082986054898529,0.092721643342469,0.086338545798397,0.099897940576791,0.088549321651588,0.089398655320109,0.082539209322809,0.084991081754142,0.09915674835533,0.082798098924919,0.083140826534115,0.08406988582649,0.083366749251151,0.08699426030023,0.08396757226426,0.083539475307088,0.089632181890661,0.088420344968484,0.083477613581924,0.084408152544055,0.083575949466782,0.091128354418987,0.091223449345134,0.083476237492247,0.084170520132793,0.088302562161432,0.088570695254297,0.08441789055029,0.10229037068316,0.088314738711558,0.089981461871612,0.086071881618009,0.086461718692202,0.085909849463011,0.085746089627742,0.083766460259232,0.086797880576628,0.087448823485511,0.086729602310293,0.08704626394125,0.080694575164498,0.08120744389133,0.086507478770409,0.086142463842696,0.087530100469003,0.086824515423531,0.085631320597099,0.081110617281853,0.086102174573766,0.086709296637818,0.088829866760362
Escherichia_coli_vB_Eco1033,0.085984940310323,0.085491386113635,0.335546345761523,0.080333123743887,0.085589277061993,1,0.122119599768808,0.786729046811595,0.084907556418244,0.795688934163473,0.135445944243777,0.084872245149409,0.109443709131849,0.855390158868995,0.087400385066788,0.081228612673621,0.08607395821355,0.085267063288704,0.072284097506868,0.094822653421528,0.108536295494197,0.075056916897826,0.087801648841757,0.077429215198926,0.081503800963507,0.071817921716845,0.073487642451265,0.086342327782462,0.085432618354506,0.089588843036914,0.093167389265922,0.092419347302663,0.076731395501544,0.092716011734017,0.085158819222982,0.087738985559046,0.083880359172058,0.08452400856683,0.083664093971926,0.08763458276069,0.084164161997129,0.084396836453042,0.08836383301089,0.086700141528887,0.084714613629548,0.084515149440455,0.083926310821905,0.095809370923516,0.085540270282439,0.08803587784838,0.078497469269801,0.080998541999889,0.07994455001053,0.079714133401301,0.087419839609185,0.080492024817189,0.080342683359504,0.080740561914615,0.080421747127576,0.074488362711099,0.072826415130134,0.080968345531413,0.080842180719907,0.080802359650764,0.08039453291087,0.079793409365447,0.09266011317049,0.079276518050225,0.080623747616616,0.079998512889491
Escherichia_coli_vB_Eco1022,0.089216151834814,0.085838467168064,0.09710101504833,0.078863515292657,0.08814879508164,0.123988907150131,1,0.108105667775562,0.078850792885211,0.127406412000025,0.767783495671391,0.078792070187858,0.768137166873201,0.110832766668459,0.096433906287635,0.084964148194926,0.088485605257731,0.093243665137481,0.074876768773906,0.106802322081635,0.113335637494712,0.075362616915767,0.097404898372541,0.081646045533005,0.081524303277487,0.071717469740919,0.07227316381098,0.096777918424383,0.09738892660956,0.098546867600134,0.100191072396164,0.099839869266496,0.079813535637824,0.100839914381285,0.085471970383361,0.08523811031577,0.081997574472169,0.084319651060184,0.088073823769717,0.085452833203148,0.086899342680431,0.087169019735046,0.085311284755796,0.085773044256267,0.087028432358661,0.086544235838831,0.085466201649387,0.097315035070877,0.0827746786636,0.083677130280679,0.076976225950621,0.079838552572823,0.078575011893562,0.078132804028646,0.085375259731127,0.08024040871238,0.080811638845623,0.08016755372522,0.080466880801998,0.07481055759307,0.073230509510837,0.080368501138657,0.080260720397917,0.081218566914678,0.080149746538285,0.077985823529266,0.100637621103156,0.081908947016439,0.080197057168067,0.080812287799158
Escherichia_coli_vB_Eco1016,0.104382691499446,0.102639310553723,0.332040323962539,0.094407138047229,0.102460732593024,0.823356972565511,0.123617507543187,1,0.098745182293171,0.789120150807736,0.136105844182015,0.098708606651086,0.122166343180921,0.923655158247202,0.105028777976866,0.097704602961907,0.105928709866658,0.103044403853578,0.085824294792357,0.108791834682127,0.122251311328204,0.093016836586198,0.102107857014978,0.092789217830023,0.09617428949411,0.085985709844669,0.087127555559348,0.100130505416678,0.101001929612982,0.103960446710979,0.108827670569264,0.107345586547044,0.092768167521466,0.107323328191344,0.099714598896293,0.101759581087556,0.098109405920263,0.098874458893562,0.097191278456463,0.101550948854441,0.096862575884956,0.097223167956239,0.10224643150548,0.099766718954997,0.099836647114075,0.099926511142033,0.097263416399808,0.112369477447538,0.098700965454722,0.101930592703958,0.091334434745699,0.09319063968282,0.092763044124438,0.091509160425836,0.107511669428417,0.092169654659601,0.091062110471346,0.093002453888369,0.091235644903862,0.090022006276839,0.087628204711632,0.09174479597938,0.092948918372006,0.09132644860825,0.091213859360748,0.091717535751513,0.108017125866287,0.095414844187462,0.091867139043781,0.093143852797267
Escherichia_coli_vB_Eco1007,0.090246499486349,0.090516858510018,0.079241401273822,0.277298523674056,0.088710499498605,0.08120198315772,0.079037145664818,0.080030844818249,1,0.077691654862485,0.102739719126874,0.985346512378528,0.07900582530279,0.080878678438798,0.091361815722258,0.371301113611087,0.091633025673674,0.089076587070574,0.091017194736681,0.084092961406877,0.090831326806997,0.08235517727871,0.089163868158071,0.080590867354226,0.083527279282181,0.072981304779764,0.073840359634171,0.088648233491817,0.076878400293908,0.077616730165669,0.079419948719906,0.079188367084278,0.085755546391834,0.080194250486078,0.077801593234849,0.084237177373561,0.084128750605613,0.07697419398421,0.077763421598821,0.077370790438296,0.084455668576769,0.084220301684448,0.077283931355735,0.079275317031542,0.081037475098614,0.080902604851179,0.07759113733635,0.090117347794396,0.082735759971606,0.08460607428495,0.081919226052971,0.082404013427226,0.082328952064457,0.081173401155093,0.077573245371118,0.082749790258584,0.082447416425928,0.082487162706552,0.08247478634957,0.075888483485157,0.077708359009565,0.082563750127522,0.082069866965787,0.08246879794138,0.082306253986432,0.080717073699099,0.078459975456103,0.088195138684122,0.081450804177103,0.07821564923007
Escherichia_coli_vB_Eco1011,0.085946565081049,0.084436655806909,0.318092961034477,0.075827766391408,0.084109232939297,0.814967034172346,0.12631439954213,0.763022103300386,0.077560914696431,1,0.127381416526655,0.07756575436449,0.113076508095763,0.83893759539505,0.086629825799403,0.077385806900634,0.085844991306958,0.080743476273962,0.070949793026487,0.092603538406934,0.100625846974015,0.076650187129319,0.082353318316821,0.075052004400138,0.077052578417215,0.06796173621569,0.069000997746615,0.081332182885513,0.089276926511124,0.092329957356897,0.095409120962097,0.094271526248874,0.076653541604546,0.096008805627867,0.085344832434412,0.083150056329453,0.082227815047823,0.083371356688367,0.083478933079678,0.086939953847357,0.0860683017883,0.086304422724998,0.087717964295393,0.08548385883771,0.086922740926768,0.086448249173418,0.082806385537986,0.092520851698433,0.080803402193715,0.083917587580743,0.07658790211229,0.076265284875236,0.075575243673619,0.075052662420177,0.092834131740761,0.076462998401007,0.07666349880578,0.075949833926722,0.077463121337823,0.074480022218288,0.070474615823421,0.075926398949486,0.076239437084075,0.076828455894358,0.077438890896635,0.075207965392077,0.097079569544194,0.077798747088627,0.076371208762756,0.07555569636045
Escherichia_coli_vB_Eco1018,0.09010340334791,0.089138627305742,0.087106544627947,0.087744909823365,0.088861469449706,0.095136015493485,0.282302943758516,0.090441774571809,0.087423927436286,0.093361683719152,1,0.087384799885125,0.26448661824934,0.092556040454,0.090145874836183,0.089437670460402,0.091347706479468,0.09117046420549,0.288547183757119,0.089272671657157,0.098667750231724,0.081538124281515,0.09013180110112,0.082719647508113,0.085814476882398,0.073205940347362,0.07438772210093,0.089274210653026,0.084169654003371,0.085379567204789,0.086821508653337,0.085910891763571,0.086989352558893,0.086889504019942,0.081146379164688,0.085182845387376,0.08301778629899,0.080867379792112,0.083182037205726,0.081968810945547,0.086907167392283,0.086627159562483,0.081905431439777,0.081761885827151,0.086538374007765,0.08658745083402,0.082780100731157,0.093418625637442,0.08325321605228,0.084236212310908,0.139337123701303,0.146319331945823,0.142822434827137,0.138103795548601,0.081491544962485,0.150156366810865,0.147933273030127,0.146947674824303,0.149201129191019,0.077206005362063,0.077346924126965,0.150653079423773,0.147766905892404,0.149874899638715,0.147243036825811,0.143296478177616,0.084463958770723,0.087659455649977,0.14362706515201,0.082079948484104
Escherichia_coli_vB_Eco1010,0.089635688429353,0.089739467006718,0.079176569912186,0.274107058665106,0.088448284623876,0.08037892730275,0.078316691407573,0.07910054667278,0.995370023325721,0.077022787099865,0.102277361018609,1,0.078110691136344,0.079916079947903,0.090361091401419,0.369938616850392,0.090854489820038,0.088914290537031,0.090629756719896,0.083778030802686,0.089681155159723,0.081285219850778,0.088529118295703,0.079752081003497,0.083178341143573,0.072127316627154,0.073254550783426,0.087742828973674,0.075580451655168,0.076853450493496,0.078681322411079,0.077984087108097,0.084984962948255,0.079490767543175,0.077303020286929,0.083518310646012,0.083468882225294,0.076245518130446,0.077210318327503,0.076764594078146,0.083548190288471,0.083245601907104,0.076676700958888,0.078484152411013,0.080234212591262,0.080147116200379,0.076916877908544,0.089260741004536,0.081869613133933,0.083923888280731,0.081169094978327,0.081210531199531,0.08113457624911,0.079965268781301,0.076945809405961,0.081968464236934,0.081633512964705,0.081294738584643,0.081650859846855,0.075413741671215,0.077187466272232,0.081810696289183,0.08087247503744,0.081655080788596,0.081362182287464,0.07983391326043,0.078214119046056,0.087298743946706,0.080632590418195,0.077596742107491
Escherichia_coli_vB_Eco1034,0.094892582563117,0.091864714523521,0.105559571317326,0.085564515146089,0.091927783468716,0.117513732536022,0.748847441353657,0.116818938796897,0.084819029583008,0.121137659994258,0.659098706004704,0.08467468374119,1,0.119163680826229,0.100811533433891,0.088402578538269,0.093643400879971,0.097766742910167,0.080483227926679,0.113213619009216,0.118894445289308,0.08043742681417,0.097528187838841,0.084840146432707,0.086194514841996,0.076412895862249,0.07703413448957,0.095248968780788,0.103815465496852,0.105636094191794,0.106169068795485,0.105828612998285,0.086195692522744,0.107352315121937,0.090903380903202,0.089620305624122,0.088356911649825,0.089945884481956,0.092331744093274,0.091401396255679,0.091951361349825,0.092783699838234,0.091321309207452,0.091983142291953,0.090462918109722,0.089687202742302,0.090312117164677,0.101211622708754,0.088417868296357,0.088696502749848,0.0831576496926,0.084273898133068,0.082802488313576,0.082635588199249,0.091185319035932,0.084862886188843,0.086112224327403,0.084240454634929,0.085054894688378,0.080261927915419,0.080151050752318,0.085030377288753,0.08396272995048,0.086362194710102,0.084185819712856,0.081505839021782,0.104599386909002,0.086941253619502,0.084467293371262,0.086038309910054
Escherichia_coli_vB_Eco1013,0.084104236225903,0.082521979772027,0.329705033442806,0.077375913882973,0.083023319415801,0.859054518050726,0.106888489239567,0.85403385290415,0.080878354335613,0.816794985516965,0.120014496400579,0.080861504344936,0.105784491769023,1,0.084890516443422,0.080131152457016,0.08293411780513,0.082275677815484,0.069706164848563,0.092577939011507,0.10526143015535,0.074465175683715,0.083631783738269,0.073808157742244,0.077029092075779,0.069452399545407,0.070720827076575,0.081952271005946,0.085277523962966,0.089540181414882,0.093367867196299,0.091571532253607,0.075456216742293,0.092874544108125,0.081038632033686,0.085379449715565,0.082713879124051,0.080379253580347,0.079282676800328,0.082790736393214,0.078859278252887,0.079370623953198,0.083595314362064,0.08172320182132,0.081751460892028,0.081668750082782,0.078701040516043,0.090938689414142,0.08254064752634,0.085986847362675,0.074374430266764,0.074964905875871,0.074276493345894,0.073537202053704,0.087378877253111,0.075119695130326,0.074426276372943,0.074757963993288,0.075281740805609,0.073202777242643,0.071657885941823,0.074658542036115,0.074805093378898,0.074759872147865,0.075075748148574,0.073382098635507,0.092453271715263,0.076365088299011,0.074846522685444,0.076984876217662
Escherichia_coli_vB_Eco1024,0.106678819205362,0.102198088486268,0.081877800069866,0.083610761921578,0.100321615222486,0.082294946221702,0.084227631338585,0.081228263636862,0.084958592955799,0.081850035553809,0.09457155459277,0.084887480616636,0.08433170315911,0.082619813720492,1,0.085629347814354,0.107613845884598,0.100035436268266,0.07797006405744,0.080367250025569,0.089682333081815,0.082241551099635,0.097412699706523,0.083899474069775,0.083947342654396,0.077325879567217,0.078853266947798,0.095805472467594,0.090707779322568,0.086987603454762,0.091784684595651,0.093582001285638,0.085074147389389,0.095035277408807,0.081635283311165,0.085002297029139,0.084223762829094,0.080564261721237,0.081974574823023,0.081282860720304,0.102671846465119,0.103203136673566,0.081283120667854,0.081603240076789,0.099504161932419,0.099427009427584,0.081951300031809,0.098285085482499,0.083686152447212,0.084490814947425,0.082689647288242,0.083313813935551,0.08305988483856,0.082489247729582,0.081558227486443,0.083839419364115,0.084081277918295,0.08360352674096,0.083928346550791,0.077118054126938,0.078080123313589,0.083853338947261,0.083630183709982,0.084126545181876,0.083806218594682,0.083066416244445,0.081644086977477,0.084595313444562,0.083438540543911,0.084719254940812
Escherichia_coli_vB_Eco1031,0.083601570660656,0.083291386625726,0.07595816574364,0.322252589799925,0.081994683280694,0.076283114106144,0.078546167506099,0.075258258525625,0.385512865650077,0.073640400804485,0.109132930701264,0.385820652180396,0.080757512563785,0.07648717394423,0.092107912531768,1,0.083506180176817,0.093140469120788,0.090742232294045,0.080190386806125,0.084904456609027,0.079586966725964,0.086682763575117,0.077215119331773,0.074871379043919,0.068161942932872,0.069137969721815,0.084334330209042,0.082022807201464,0.074077896775006,0.076154532515067,0.073862061380038,0.077583606552638,0.074158033154538,0.074049029294747,0.075869689393299,0.074621978544214,0.072670522881211,0.074817664029786,0.073340966581154,0.077129456675091,0.080106300681787,0.073133058529879,0.075851742612807,0.077148523299636,0.077258194148452,0.073962983834036,0.086474940005428,0.074117344722549,0.076094323183532,0.075570560894766,0.077056645310237,0.076918527371827,0.07592695740055,0.075611257020394,0.076838895359433,0.077053227171025,0.077619269981455,0.07661168531183,0.071770624905148,0.072927482548425,0.077224941116193,0.077190183785031,0.076949232754195,0.076408932729614,0.076242409811672,0.075944284356635,0.085580358163357,0.075175855385349,0.07484751081631
Escherichia_coli_vB_Eco1014,0.557953099158049,0.50559634088693,0.0727992201879,0.07525734827061,0.442390011556159,0.072438149832799,0.074075563226751,0.071605509752994,0.075442446197814,0.072879542465149,0.082452592382503,0.075543255195312,0.073824937982266,0.072830942211725,0.095117589030587,0.074455022395535,1,0.089650180235394,0.070832402602702,0.07266652172315,0.080617794247561,0.071723772891883,0.086988701118955,0.076507700480016,0.077080621989431,0.070216628656901,0.072273647654411,0.086499014953247,0.072200140249965,0.072428946373736,0.074252955000597,0.072411467263023,0.074709126212946,0.073769696949082,0.073180271310792,0.078213353057443,0.077648556464591,0.072908016695681,0.073408589314615,0.073898901113213,0.079761384510384,0.079813442405552,0.073970668749926,0.073661138100494,0.076544966155697,0.076582800815432,0.073623799900388,0.088316828270445,0.07766735917882,0.078587593941172,0.0742580475044,0.07508467343372,0.074917164313938,0.074687409305701,0.073584012048601,0.07514248001963,0.076171506625371,0.075390881125333,0.076037507604767,0.069877664343989,0.070659293959182,0.075274246272982,0.075279861398992,0.076472392449241,0.075730504585534,0.074448846661235,0.071877128004655,0.07488486369212,0.075245252848155,0.077245397101492
Escherichia_coli_vB_Eco1027,0.111364514482545,0.112243845341245,0.085066426036795,0.089792098816452,0.10831703908215,0.084637286958206,0.088241144892441,0.082626482367223,0.088938114985753,0.08438353583008,0.100708746064537,0.088947627309143,0.088450542932846,0.084441079578325,0.115786750694732,0.093604920587878,0.112262703184011,1,0.083632514627564,0.086562928735175,0.094599598444594,0.084080168283946,0.104363023664701,0.090701206457711,0.091874359569266,0.082380391816902,0.084222014313795,0.102012858391062,0.088424979295644,0.084868973996734,0.087235299617856,0.08545892746551,0.088979194265024,0.086395706537653,0.087539651105097,0.092828635609927,0.09166351512307,0.086381239420179,0.08750204255922,0.087387868555811,0.092890618391441,0.093477790467712,0.087165740176423,0.086788166435955,0.090879779981172,0.091000690510594,0.086791762716267,0.108332246220972,0.091424975548678,0.092207676704635,0.08808085875843,0.088862408657102,0.088375369982623,0.087393633710102,0.087201819454943,0.089796401374057,0.089157554995052,0.089156659800913,0.089995307942366,0.082497724002533,0.082473909436123,0.08966693990546,0.088926600896231,0.089171166954158,0.089519354552543,0.087532193460071,0.085267634255126,0.089377617907443,0.088739283570565,0.09069117380032
Escherichia_coli_vB_Eco1019,0.105444534841433,0.104301912678931,0.091197917542152,0.115865506771947,0.102866537454121,0.091984330734198,0.090986519106546,0.089902269701937,0.11235866595328,0.092902624223745,0.926106561636827,0.11235866595328,0.090779464951348,0.092217873389155,0.100913937088065,0.113069121543348,0.10882795846408,0.102062993885898,1,0.093251982877321,0.10682899747409,0.09574562836039,0.100885355334333,0.0966372935026,0.107567287760172,0.084854267920667,0.085558802878712,0.100520717123958,0.090242129491694,0.090567109496257,0.09106968697457,0.091642451121926,0.093564201026339,0.09216417918098,0.092812926865485,0.096119499149545,0.094442810442114,0.093120764340333,0.094599236457039,0.092712356313475,0.100813210464265,0.10048661346888,0.092712356313475,0.093259954420682,0.097510551599737,0.097820215569757,0.09364290157921,0.107733073000974,0.093896297110194,0.095169456683848,0.092697456748571,0.095936796100174,0.095232513985394,0.093176226768193,0.092380499428293,0.095573029546313,0.095703548661787,0.095468171375504,0.096412399935829,0.092765384917998,0.091438632716677,0.095477703289148,0.095048704072952,0.0957099510647,0.095353826803976,0.0948686601134,0.092290890626846,0.116164735369951,0.092698194841316,0.092526571375168
Escherichia_coli_vB_Eco1026,0.072692209467349,0.072144308536297,0.089043594993706,0.077147615270729,0.072504763715358,0.089306614306892,0.107386003020661,0.088775316167676,0.073455417624381,0.088005908615586,0.107984060489012,0.073455417624381,0.106544508964101,0.089046704139293,0.071384988195428,0.082000721640001,0.074068259199888,0.073939268975757,0.060501951773482,1,0.957264399018384,0.086023466636063,0.07198342103606,0.064373826413929,0.068397580371209,0.057264660367875,0.059707953124877,0.070023685840729,0.131870109261595,0.139303554389846,0.162572553218324,0.143364659370223,0.065632222650653,0.146812196855992,0.066964384594941,0.072485063138658,0.070610777113824,0.065786914127817,0.066484169342246,0.067203620286291,0.06996478261463,0.069842912732334,0.067163538693346,0.074573497304639,0.070310201862799,0.070138509406454,0.066216141818456,0.075899568427745,0.070828802332102,0.073534071455835,0.068136925557051,0.069027727913585,0.06786932481249,0.067837183464233,0.080365414326719,0.068809958793131,0.069232283107178,0.068862057340886,0.067552142470874,0.065676567920762,0.067776485271189,0.069037121383215,0.068936184258705,0.069265599782174,0.066774869739983,0.066929151486587,0.145339587661054,0.068319798699378,0.068553195386736,0.069568879159801
Escherichia_coli_vB_Eco1025,0.080936630932732,0.081019039075936,0.07795842519196,0.073781494886741,0.079434077972604,0.081121729270749,0.083678503199336,0.080076829344359,0.072863771545934,0.077800940180603,0.093006920960261,0.072908858182292,0.083799318337188,0.081472914587369,0.079218862392239,0.072659163279923,0.081318965622702,0.078210565455806,0.068397287881636,0.384835659439136,1,0.076240548690108,0.077173275173581,0.07080609470598,0.072429211844109,0.062987689979818,0.064327238492259,0.075613399640144,0.092512353525369,0.094848141368602,0.103505870941714,0.097376194122809,0.06990150151024,0.09859178146212,0.070228380763157,0.126250759374401,0.122360433423584,0.069164108890372,0.06980028388288,0.070404691902988,0.076907298744892,0.076865727587567,0.070243479590705,0.072906320395003,0.077307881046836,0.077451497041207,0.06928309035675,0.081611921593021,0.1159854803052,0.126168180031748,0.071353001441009,0.07259837257465,0.071874504971534,0.071256265566991,0.074450487540687,0.072304923414609,0.07226532560222,0.07258822216567,0.071944764001146,0.068145635618125,0.067922339329689,0.072599562247647,0.072359752092351,0.072276349502035,0.071379348926868,0.07077064895703,0.095433430129329,0.072480107904765,0.071655050838564,0.072974772700027
Escherichia_coli_vB_Eco1020,0.078393544514907,0.077515235985132,0.072126141048135,0.07939959493842,0.089480881611522,0.072165125149171,0.070761059379232,0.071576869460158,0.077992239034847,0.072883763622451,0.086745584085431,0.077964275369945,0.071108378396091,0.073298610813718,0.086902231337943,0.080773126041509,0.079051053562858,0.07968035542828,0.072105527555942,0.084079969320599,0.090573545255809,1,0.082211547946133,0.071148674772716,0.072425056157847,0.061926922666741,0.064027533578092,0.080675169268574,0.068810066247842,0.06963681651666,0.070578944718603,0.069811494610841,0.072159042498924,0.070397158081104,0.073973613467522,0.077176258251534,0.07545805329476,0.072404832727883,0.072327110638347,0.074111962756144,0.077086829249919,0.077049269452734,0.073368048376184,0.072104899995312,0.074489931903842,0.07483952020402,0.071981654832852,0.082750143701302,0.074725049931579,0.07698820278847,0.073591530747331,0.075449076096927,0.074254858078749,0.07354109215028,0.072121320961611,0.075638414185496,0.075053460022151,0.075551727501415,0.074980954658453,0.072087021982495,0.073326702061228,0.075492971999677,0.074026494471186,0.075053460022151,0.074932418399716,0.072433452117748,0.071495068925039,0.079562899874123,0.074091354953692,0.071986084426788
Staphylococcus_virus_K,0.093370031100684,0.091956288090506,0.076307209061197,0.079032722730076,0.090590407739898,0.075301062496239,0.07867955729322,0.074323519304731,0.07792008119378,0.075642172732872,0.087043117247554,0.078056622871383,0.077633262509501,0.075659321621476,0.092942272315844,0.079987565067222,0.091844951091992,0.092206642993058,0.07304710503085,0.074181895441719,0.083757026337316,0.073916108608185,1,0.085964236154808,0.089521748567346,0.080976172143894,0.083325076647994,0.728754697755443,0.076744772342765,0.07678185830712,0.07849372638837,0.07708716300114,0.080333938973887,0.077959388420468,0.076431575548012,0.082332040967812,0.08191374172711,0.076209607658489,0.077609388065939,0.077112828160648,0.085227978300349,0.085763058293092,0.077082740174892,0.07747237264575,0.078123080386752,0.078028319227087,0.077768757109003,0.093507372899526,0.081394517355732,0.082490266971302,0.079990219880385,0.080275519952033,0.080015723746852,0.078863843065119,0.07686469891694,0.080308008606924,0.080407389514845,0.080196157767532,0.080973527041531,0.069889098628885,0.071161122914941,0.080520269773734,0.080290740578648,0.080527942835546,0.080632640274038,0.079159970116641,0.07458832321218,0.077774390946787,0.080773305746856,0.0848913727216
Staphylococcus_virus_71,0.082650714548091,0.082774754387623,0.069776266161086,0.074399068796586,0.081849058266391,0.070977870324395,0.071347773000761,0.070105972096414,0.074305422377087,0.070982505906618,0.079541569241747,0.074339062122413,0.071527883693215,0.071541694001898,0.078690291266273,0.076951612520207,0.083290143668175,0.08048110566018,0.068533634757127,0.070348955865598,0.077114446358674,0.069713788560381,0.090258055195669,1,0.223948721166432,0.075297621782792,0.079610711327259,0.08928037493815,0.070794584116807,0.071014532746427,0.072964101609542,0.072604466851925,0.081673021037707,0.072433733931696,0.073087897456581,0.0783192487536,0.078459923333527,0.071517661678994,0.074231425812849,0.073644944827779,0.076331219055602,0.076258398608891,0.073644944827779,0.073070582469636,0.072132560940097,0.072269838693507,0.074649217246551,0.086948184792825,0.07724154396356,0.078684484919335,0.072070033346723,0.072667096841153,0.071901803456517,0.071674615352871,0.073623381687102,0.073710038004336,0.07335204465305,0.073004667883754,0.073132029165442,0.066139715775773,0.068252223943352,0.07325198699891,0.072658089132251,0.073530276025174,0.073118675118498,0.071984321783139,0.068334851157429,0.073016667156906,0.072323036036235,0.294621498604006
Staphylococcus_virus_3a,0.091960566757338,0.090361025567358,0.08163711090024,0.08198370721583,0.090405526831206,0.083025038035416,0.081839070714471,0.082018035958477,0.081789910858588,0.081467804817717,0.103297214541342,0.081762813157828,0.081836776859129,0.082677513070304,0.090853045569429,0.082605436866415,0.091737168215592,0.092396053929664,0.087293497667469,0.079831289951983,0.0873070438979,0.076530035032043,0.102882788277044,0.227760733521419,1,0.082905549805443,0.086292949207531,0.101545494847594,0.078435943562423,0.079550169560032,0.079525661401471,0.078919423914993,0.089600858389263,0.079259839617293,0.079502247128265,0.087901729476193,0.086324021919068,0.078691960983096,0.079121509757899,0.080072842790755,0.084696303084191,0.084915655738329,0.080072842790755,0.079191479828138,0.082042385488835,0.081925811754709,0.079879506810929,0.096640952479105,0.085736329301156,0.086810759535329,0.081639932494594,0.083774923090986,0.082136871630484,0.082464097465069,0.080274969285312,0.0830867360731,0.083490795306676,0.08376390130891,0.083776829390053,0.075548604572599,0.07506071993485,0.084330366686195,0.083933165500862,0.083763965265899,0.083319623984192,0.081377818023353,0.076822444404391,0.090084283274633,0.083448679848877,0.289917931112195
Staphylococcus_phage_44AHJD,0.079574647103804,0.080439861705469,0.067220043056336,0.067685741744797,0.077080401205326,0.062855217937945,0.065942132268122,0.064352989952777,0.067611201867246,0.062504334251613,0.07255385695121,0.067611201867246,0.065642274959569,0.06280230641527,0.07670104235884,0.072443749510874,0.077403497216995,0.078674189922045,0.0628399780905,0.061794318638235,0.068849867153625,0.059568041372144,0.09538328844196,0.081675962979655,0.083917485081297,1,0.998701896969238,0.094873235928429,0.065044356047682,0.066503061035526,0.066412785537827,0.06262716748736,0.072059557638944,0.065494049455501,0.069020037089146,0.071498409118153,0.072269862997156,0.066382357980937,0.06747726399703,0.067904351711917,0.068370001864878,0.068478701019393,0.067904351711917,0.066689334808867,0.06476842348039,0.064089322976852,0.067234255545471,0.08090062448535,0.069620354211088,0.072865537569468,0.066374603984079,0.065616568476974,0.06547248663849,0.065284451136383,0.069244011822066,0.066256192816975,0.06491508987638,0.065616568476974,0.065668463688316,0.060523217280047,0.062224853745434,0.064824113846997,0.06581395095622,0.06491508987638,0.065567789169037,0.065650926681413,0.059096037062025,0.0637369534741,0.066442434606812,0.081528963355532
Staphylococcus_phage_P68,0.078422764610154,0.079211250732279,0.065652306724043,0.066169706252848,0.075422450866814,0.060996570735078,0.064554273611961,0.062195962982951,0.066626021618485,0.060642933643775,0.070794523204744,0.066626021618485,0.06444543717108,0.061056248547335,0.074698040411388,0.071205914845443,0.076520571711606,0.077520677557587,0.061162448133916,0.060178639682896,0.06750392418981,0.057985847075049,0.094527074272117,0.080468896350121,0.083126991066194,0.954891697779135,1,0.093927415528375,0.063688922523538,0.06456298349423,0.065020251469435,0.06105083931198,0.070590300915155,0.063768705799948,0.066533803924868,0.069361089446677,0.070323812622527,0.063941227802935,0.065719196831179,0.06545012885589,0.066503704206183,0.066975615540322,0.06545012885589,0.064290373480345,0.06324631891832,0.062336316304241,0.06537895189952,0.079149520706857,0.067738642415026,0.070892411077916,0.064216137414069,0.063830929372491,0.063693396708483,0.063513903490875,0.066728895324669,0.064196597971044,0.06379704493617,0.063830929372491,0.064086132819296,0.05939131781286,0.061071715156505,0.063224078444796,0.064019339920862,0.06379704493617,0.06399003441453,0.063863725840365,0.057363694178426,0.06206576429652,0.064459334174952,0.080570664701725
Staphylococcus_phage_Sb-1,0.085529996042549,0.083856330487401,0.068169519965566,0.071853395266642,0.082908932524737,0.067519266245877,0.071555048221415,0.066910759125261,0.071433362863629,0.067643376611266,0.078669235986863,0.071621253535357,0.070696961493475,0.067647705686124,0.083796388482671,0.071548666294111,0.084510713630441,0.08313957507427,0.065770771920995,0.067299869876099,0.075388351430125,0.066638435614034,0.935409974874616,0.077510041013164,0.082564853288553,0.074068257940135,0.076085588091866,1,0.069150968806682,0.069561693877909,0.070163879464659,0.068787764245844,0.072972723417297,0.07003148587399,0.069028060404264,0.073092859555069,0.073548554172481,0.068699473807131,0.070530753614388,0.069463952086925,0.07709418826598,0.077941382663968,0.069422222916204,0.069335973778764,0.070243354117535,0.070183662815882,0.070183646427695,0.084702138350269,0.072557991997617,0.073561238220284,0.071597893459316,0.072493825815253,0.071939444518247,0.07133278460402,0.068951926783361,0.07278741477373,0.072260252360668,0.072285871036897,0.072074955628967,0.062786215588148,0.064683164128764,0.072653975431854,0.072487176050529,0.072385363822762,0.071733494216373,0.071016606879952,0.0660177562079,0.069981315866114,0.072597974169282,0.077258765322565
Acinetobacter baumannii phi3060,0.088156739151803,0.08907226656287,0.089460952955862,0.079785449376907,0.088059952194599,0.088380048274647,0.10433177684715,0.088169650559862,0.081240183259801,0.09107185938637,0.107539598707909,0.081068834886118,0.103549731158675,0.089891038146598,0.125588520972843,0.085287473143506,0.091578206807554,0.092794875407939,0.072333545507928,0.143776625560378,0.148393045874239,0.077288605578864,0.088528692801099,0.076100825817028,0.077570623742033,0.07265572815863,0.07599168965967,0.088107043151035,1,0.713872110220131,0.795140833711953,0.810085201656069,0.075939697927564,0.829152808491034,0.087175617005413,0.079441237138956,0.079650450394052,0.087551116618365,0.085265649998673,0.08791895705783,0.085737571233283,0.086590944978077,0.08791895705783,0.084369254164112,0.078665999482645,0.079019435074798,0.086615672819838,0.09730784997115,0.077232922676021,0.079796028745831,0.074704018150821,0.077193623794117,0.07513595932925,0.07409766570827,0.085383029075337,0.077824412156187,0.079055046065167,0.077368798113634,0.078647122812401,0.07511679689847,0.075778203117212,0.077706905806626,0.077322048022451,0.079055046065167,0.077362263093807,0.074595931187444,0.138012222554528,0.076148138448894,0.078058965616758,0.080061463029199
Acinetobacter baumannii phi3049,0.093321496028892,0.091543098265215,0.091146446624955,0.081158467263471,0.092102016814133,0.094317209445375,0.109207078298372,0.094034622099103,0.082640625976412,0.095511894539604,0.112467901237756,0.082432404575147,0.107447656218547,0.095610637178345,0.103365429298167,0.082626818079225,0.093848331943486,0.089698581239698,0.076426000014739,0.152736860199296,0.157165589009182,0.077303575003517,0.090957494767465,0.077509787424955,0.082238190385098,0.076643986286522,0.079311004667856,0.090636627806943,0.703702378072235,1,0.738229943996734,0.743698669491389,0.078907782052582,0.764444714612287,0.08919173624189,0.082125271448744,0.083230184188093,0.087020330146105,0.089684139076326,0.089121305864791,0.09122305074292,0.091570300683587,0.089198941445854,0.085128330971824,0.083883444501061,0.083309802114875,0.090560859076058,0.103781011649072,0.080365493407783,0.083092244047125,0.080330778634608,0.083117728656832,0.080840002545319,0.080700531604213,0.087479475520569,0.082565757889688,0.083623034055424,0.08315624918025,0.082603852583915,0.077346868274625,0.078299961612996,0.082825375047382,0.082689779852984,0.083623034055424,0.082122818474154,0.080159818128498,0.147082409787347,0.081886603167544,0.08262026831877,0.083505044494785
Acinetobacter baumannii phi3071,0.084303595023573,0.083603652643475,0.082778367344386,0.071124011120572,0.083007206987705,0.085421920623451,0.09684535177169,0.086173202830184,0.073986735928867,0.086661893771056,0.101169084505975,0.073873208031598,0.095117320615034,0.087344406744721,0.113265485604073,0.07344928001396,0.086470801194207,0.082696146298934,0.066808093924649,0.149848456729321,0.153565205009617,0.070558232682568,0.083116466414616,0.070330505978091,0.071865457524272,0.065536903967726,0.06907689681555,0.081109666569647,0.693271715346893,0.659200855922521,1,0.800203853112402,0.071529208281258,0.823588565931967,0.08117507705652,0.076130255635749,0.07361223305111,0.079529668738862,0.081014135796838,0.080749116762969,0.081207098334737,0.08141887836679,0.080749116762969,0.080849972079521,0.072451417555595,0.072889431416552,0.081711394853284,0.092181709228192,0.073519420636821,0.075828123691925,0.071321250596509,0.074129725841629,0.073508990767585,0.070596355315095,0.086811367586233,0.074936362532701,0.074225577547573,0.07398732678071,0.074152356227619,0.069804207175295,0.069830606742437,0.074642700807138,0.073908822677095,0.074251641613046,0.074031954084461,0.071970410226244,0.135575068087307,0.070636571118614,0.073196270806635,0.073662232247546
Acinetobacter baumannii phi3043,0.085156755083576,0.085014412909612,0.086869204099731,0.076590064095029,0.08520308100456,0.088546078208675,0.101351139220797,0.088887315497372,0.078932149781883,0.090243075367153,0.105861730884506,0.078801726340443,0.099561072428198,0.090265040042739,0.131506640196106,0.078877531857145,0.089098216178494,0.085414095992381,0.071275867923731,0.141436854763982,0.147634018815684,0.0760847226061,0.088479837133869,0.077477485850113,0.07822851559809,0.069890478215087,0.072988464063798,0.088773766402327,0.695224922203611,0.647319054681092,0.774171685711862,1,0.076254752269349,0.892549280896031,0.085232538588805,0.078993308980414,0.078902629234582,0.084912415611055,0.084365154210922,0.085544558065113,0.086571387174039,0.086646444342376,0.085101020431134,0.083393965068017,0.07970177309004,0.080322906097238,0.085676443704651,0.095753954133979,0.077824555278834,0.079416469071263,0.075006830999859,0.078119199489998,0.076267397804836,0.075141396212176,0.083587308714739,0.077927914121963,0.07924341349605,0.077478506782878,0.07889448409296,0.073441988737452,0.075810545133639,0.078042082009786,0.078098181071626,0.07924341349605,0.078682484940956,0.076010770799132,0.134650873555366,0.076330450466672,0.078269997974694,0.079795892815446
Acinetobacter baumannii phi3072,0.093793063618261,0.093336691570961,0.078791515706424,0.083768792630172,0.092663155720688,0.078875235294644,0.0800931039072,0.077674268998719,0.084310637027095,0.07969864692435,0.102690630760904,0.084186381652702,0.079214959128952,0.079024930035581,0.094667595703793,0.084167185910517,0.090684863803684,0.09030622440471,0.076624120018958,0.078885708359431,0.088165364741081,0.07771907201297,0.092321307713099,0.086543538559959,0.088387573633651,0.07775999002371,0.079695617956486,0.091376989990073,0.077461104634059,0.076983802491617,0.079331687576113,0.077290325084162,1,0.078408003163078,0.076880326981355,0.084619189033873,0.086127333318574,0.076795951818696,0.07735417301325,0.076975837072873,0.089282677653926,0.089855320917002,0.076889292467164,0.077433958178834,0.085213382663923,0.084834071352245,0.077370022827756,0.092118173428252,0.084251966447493,0.085118401473103,0.088486194208682,0.090340113526972,0.08827136237012,0.086568644649411,0.07646158760078,0.091465153584648,0.091442266256088,0.089705461912464,0.091685371436028,0.073980282588191,0.075876165789476,0.092795157679944,0.089759374342089,0.091483894960073,0.09077436408988,0.088692547773263,0.076721212766859,0.083433675894252,0.088306748634719,0.086613684953588
Acinetobacter baumannii phi3003,0.082289280267417,0.082081083309468,0.084551145216879,0.071213358109615,0.080985040172797,0.085679860754937,0.096858276862069,0.086857496426242,0.075610407087902,0.087082451890972,0.101270141097009,0.075483262983383,0.095806805753229,0.088431430632578,0.131447573505739,0.073404005274399,0.083845454625953,0.080632809300924,0.068937686906666,0.14063678067472,0.14595231250596,0.072290228414602,0.081695071028342,0.074531140987981,0.073328228609612,0.066364157546826,0.069528769481193,0.082032338263465,0.685205478992453,0.637825323628578,0.777068707149351,0.876026220051578,0.071945366026718,1,0.081574781490683,0.0742533401538,0.074416243084229,0.080665158846266,0.080656952472205,0.081440273957404,0.083249236651528,0.083703379696709,0.081294048704068,0.07843785831958,0.076944505727837,0.077487690897566,0.081408297083863,0.09213911407512,0.073324015979618,0.074780500068031,0.070724227409681,0.074112994887251,0.072321504112931,0.070776708651922,0.07999865828979,0.074318082041362,0.075491546017787,0.073565705554479,0.075036480981925,0.070064736758742,0.071374709223107,0.074402222541823,0.073948140851828,0.075491546017787,0.075036480981925,0.071940754925649,0.131778256816986,0.072336879727378,0.074106111701313,0.073550917439106
Pseudomonas_aeruginosa_4052,0.087694669434443,0.086788298586829,0.083666943345058,0.079249109997424,0.086372161840595,0.082022502213095,0.082663295620569,0.080095157090309,0.076222427559343,0.082938283238864,0.093461290838608,0.076035384111806,0.0839514131431,0.082059752351009,0.086956542509708,0.079273921700378,0.085111681941101,0.087175921492373,0.073069286448878,0.077575760051741,0.083926220250886,0.08047134195907,0.086764763805152,0.079009576550218,0.079201399853328,0.070743351725335,0.072275241176945,0.085634694483426,0.081201431457978,0.083022010161648,0.083723309967095,0.084291961514898,0.076756612247029,0.083290982306521,1,0.081999022952027,0.079175272291519,0.878093870750701,0.699657076222907,0.88724238746325,0.090378476133317,0.091035621526875,0.866238474586521,0.865992582860274,0.087127900797845,0.086501234063437,0.683010365540435,0.831104538295998,0.079695599506084,0.080300088823846,0.078377521497561,0.078270656749743,0.077218366874235,0.076808638633572,0.846596420177418,0.079134251418788,0.078683757516081,0.078405359681843,0.079562937993218,0.074111894214004,0.074387138961435,0.079251154423121,0.078458371975105,0.078683757516081,0.079418137619959,0.077157078147648,0.083444799469266,0.079666154882273,0.079448945153563,0.07851918780901
Pseudomonas_aeruginosa_4071,0.079552300107698,0.0798440142027,0.070792252946339,0.068749017227731,0.078405892107682,0.069995462400989,0.069891127152042,0.070026592994977,0.071152732730521,0.068368702097711,0.078005787787821,0.071247116474289,0.071073298549075,0.070852872946758,0.076186576859971,0.070741273167417,0.080196676845687,0.080883670190659,0.065593000818523,0.070480212090745,0.145837982335815,0.067630977529244,0.077637336586582,0.072032027929711,0.073342835081225,0.063870077370906,0.065565034201342,0.075872853196638,0.065473408341589,0.065168520006634,0.068725407393672,0.065687123516299,0.071663436236811,0.067971918250186,0.069074595523202,1,0.864017187461451,0.068620943213372,0.068907100180343,0.068279780806967,0.079594591534756,0.079321057535576,0.068235071169249,0.070060629980739,0.074065888929822,0.073874873773117,0.068706440633386,0.078880888220627,0.789362667193591,0.913005065208463,0.07130391291301,0.073104717727539,0.07211363141063,0.07059540174427,0.069724993806334,0.073076546220434,0.073167406813885,0.073236156342728,0.072424798730804,0.068124493642016,0.068638488975712,0.07311198096896,0.073353511722865,0.073133838502371,0.072197076186263,0.071056444249138,0.069046071213185,0.072837477098283,0.071740318312649,0.07271294031602
Pseudomonas_aeruginosa_4024,0.079182236921653,0.078882212236376,0.069285960698744,0.06918408861429,0.07835027826145,0.069254688390363,0.069477472609791,0.069078134196215,0.071381911776433,0.069448514347511,0.077399633747718,0.071337005152487,0.070322341650077,0.069814970414643,0.075945793454664,0.070590279628817,0.081365774038744,0.080314844423032,0.066242806797189,0.071079156061073,0.141887911161282,0.070304051045085,0.078465955284863,0.072750802957516,0.074345065921836,0.064346172936123,0.066192484246223,0.077085390347984,0.066584368429156,0.066754165136593,0.068919005493533,0.066777951265218,0.073643480600084,0.068593933747914,0.069715684853806,0.861451742758947,1,0.06890888391604,0.069274012502418,0.070259533828375,0.082602637449829,0.082405897483994,0.070180435010051,0.070113335470166,0.074941266032258,0.074829318736576,0.069122839585964,0.080312260202011,0.835216860451005,0.93052670206127,0.07026824003979,0.073741691199829,0.072262526920249,0.070185736231755,0.069995683801072,0.073486045353978,0.074362273622964,0.073892391123737,0.074554924207549,0.071837441783033,0.071886746461597,0.07312873886255,0.074062461528803,0.074184003862139,0.074294481575079,0.071094793537959,0.070172851455617,0.074188587026357,0.073540908297158,0.072160955256648
Pseudomonas_aeruginosa_4058,0.085375460515524,0.084619751499893,0.08388131453736,0.078962415662695,0.0844807242117,0.082127689253579,0.081796023878746,0.080186031670926,0.077245607592141,0.083438224697291,0.092192001909629,0.076990544650021,0.082724709775571,0.082108328404016,0.085543585276505,0.079124653559148,0.083779671083021,0.085615192688137,0.071835314438559,0.077703411981158,0.083524584678647,0.079346941100769,0.087589553008162,0.081216277505326,0.078898823566794,0.071061627853249,0.072762106683801,0.086591312292975,0.081910482862862,0.083276561907338,0.084964006409905,0.084021800162587,0.076161737065308,0.083259750235533,0.932745626720204,0.082660976314338,0.079240577451602,1,0.686062180171904,0.879404452844928,0.091625898202999,0.091832737690917,0.860818978886107,0.888970505654623,0.086026782230767,0.085861445820659,0.679537817557963,0.823420060869468,0.079099965141178,0.079896117366622,0.077378419648497,0.078309357145818,0.077610455495232,0.076768253144262,0.838947209810419,0.078729750037539,0.077650019553575,0.078445866244123,0.079350057002563,0.072814993373361,0.074979477287811,0.078805886756365,0.078550945184999,0.077650019553575,0.079161416397719,0.077125535496769,0.082739257933057,0.079635898588937,0.078858035695315,0.078935962064036
Pseudomonas_aeruginosa_4051,0.079424995847735,0.079467383315311,0.077723536187841,0.071579668661555,0.078663658175682,0.079348013224914,0.07671400085965,0.075597644109184,0.071237322872782,0.079887020014188,0.085417231958039,0.071074408499445,0.078682524581337,0.077668795935777,0.080381849657948,0.073666002514891,0.079162856722718,0.081091459115343,0.06894962114758,0.069943657737219,0.078841174659859,0.07175331324572,0.080624628004454,0.073785751064595,0.07435975274249,0.065138079221228,0.066189450975772,0.079297883289501,0.074595249242218,0.076227018830527,0.077344183545206,0.077138645681642,0.072385615676435,0.076047464532145,0.712214411637588,0.076635530438791,0.073574689250092,0.654918452184826,1,0.781149376834817,0.085028377602622,0.085803889184562,0.771240221150377,0.669507197750001,0.083578221516082,0.08354449879223,0.907247164090596,0.744008374617462,0.074362541845588,0.075565743802888,0.073908283393817,0.072683673847247,0.071854288014045,0.070987339196913,0.708127250777005,0.074095598684457,0.076223301548674,0.072736367962339,0.077558939108676,0.069126527803345,0.07075194926075,0.074515302492238,0.072613532168688,0.076451985906383,0.077073034990689,0.071525527099946,0.078067383533147,0.074989215197845,0.076259955164565,0.071529726229553
Pseudomonas_aeruginosa_4056,0.086561766810523,0.085345599315671,0.082689980711518,0.077080720693136,0.083768873946079,0.083017634290082,0.082097280763063,0.080336649629871,0.077252536059633,0.083859388658757,0.092010415875818,0.076982711375486,0.083085363625568,0.082079858936697,0.083897898679825,0.077479925268533,0.084216875977995,0.086507677369337,0.070979613066734,0.075515500543528,0.083435585200872,0.077338828696361,0.08310504734687,0.07884652263062,0.078711163683183,0.068177549863493,0.069668855703357,0.081561198588227,0.080228807479308,0.082089040283844,0.082153291229537,0.082353959562733,0.074105621888833,0.082145076828821,0.886801367120956,0.080632494661334,0.077446397053945,0.827490198968942,0.763670122536799,1,0.089979554640713,0.090611594250759,0.964808184442188,0.822853384439203,0.087297353712221,0.08675620827975,0.755724164898046,0.929147815710308,0.078064400919221,0.078373733933998,0.077760892457687,0.077547692096536,0.076112348671228,0.075411996067268,0.877354413668614,0.078419673853736,0.079856568170075,0.077435959854102,0.082140409081979,0.072359455085226,0.073247230292638,0.078709485041623,0.07772488375705,0.079856568170075,0.081522283347649,0.076178527082145,0.081153078918044,0.080385252100408,0.081112517415882,0.077774919808064
Pseudomonas_aeruginosa_4060,0.095295553618772,0.093216993801547,0.081821333756258,0.08156140381623,0.093565541974724,0.081519502788793,0.083827097524134,0.080619936098944,0.081752321825164,0.083746543650455,0.093377542142234,0.081741982835956,0.083544086003319,0.081787490070639,0.118228873197116,0.082243864152528,0.095830098026592,0.091926569679574,0.07940643608296,0.081268232801881,0.091695909978519,0.082046561128699,0.096640198230177,0.083734826393599,0.082054649872862,0.076012009952673,0.076743499869078,0.09493975824745,0.081151926951165,0.082355357163827,0.083143891663014,0.082922044595776,0.083673835620154,0.083554192718133,0.085446806527668,0.090487363473987,0.090269178034756,0.085071211553535,0.08559267658901,0.085991141165185,1,0.978331289339371,0.085712538134672,0.085013973892716,0.207367547395041,0.208187658979003,0.086175249767524,0.09958429968718,0.087991042194612,0.091286660651585,0.08314469236682,0.090154097307803,0.089675434770331,0.089072076450086,0.085085712117154,0.084815256003968,0.085558038825202,0.090338785120196,0.085325044501244,0.080112330522538,0.080519263202948,0.09022364151259,0.090204825511794,0.085649291248592,0.084832721001041,0.089097366582728,0.080411617597018,0.085143619653872,0.085007919622051,0.082519472703012
Pseudomonas_aeruginosa_4072,0.094298228646342,0.092335704048451,0.081746207752501,0.080884742306457,0.092745288473786,0.080477540030009,0.083632642425225,0.079329240891105,0.080795359408647,0.082524976497117,0.092745886441983,0.080784959023781,0.083225287463454,0.080543379624046,0.118062097340099,0.081508381516403,0.094816283383732,0.092014900966897,0.078195279692509,0.080592516209737,0.09113885372012,0.080932526485663,0.096607047927487,0.082360562216784,0.081302715944367,0.075187100773906,0.075920822971208,0.094880889742127,0.080207555300754,0.08151683623257,0.08231120160198,0.082260578868876,0.08346242068776,0.082859064749922,0.084648172691267,0.08984520082817,0.089660077337958,0.084258211715496,0.084935959877157,0.084905772385567,0.970853735071105,1,0.084627455201445,0.084289418737064,0.206361283002078,0.20728320232523,0.085267585799502,0.099032344688265,0.087470493813427,0.090563673827622,0.082214023724448,0.089283078494922,0.08870968229988,0.087968826414291,0.084054630049619,0.083850230396401,0.084525599566655,0.089430537843452,0.084361720908497,0.079926586783532,0.080149016689946,0.089400799799432,0.089198013676393,0.084676691006986,0.083902913280047,0.087915715247968,0.078944504349079,0.084875348209325,0.084206235308441,0.081668525526494
Pseudomonas_aeruginosa_4059,0.08659675530277,0.085223885538436,0.083127422411077,0.077584804978248,0.083766807524298,0.082684033992547,0.082125040244424,0.080573308993894,0.076964635749728,0.083589190439396,0.091804563631425,0.07669084305552,0.083116840967359,0.082342153731703,0.08419080319254,0.07791617547416,0.08421968661609,0.08597081259359,0.071146602681809,0.075359861938744,0.083409263906766,0.078141237164219,0.083279354193908,0.079693247696161,0.078824459479595,0.068108572594997,0.069624015859125,0.081708858677848,0.080886445678807,0.082132466201739,0.08244919395033,0.082959538666399,0.074671584384177,0.083282344247184,0.878938805337589,0.08034051775765,0.077068983481406,0.821777153531084,0.763874179623645,0.979599865141835,0.090796324941466,0.091437659251659,1,0.81943543281997,0.087221258883381,0.086672155429844,0.753835592230232,0.921288188783275,0.077741834422981,0.07808608596628,0.077696154687063,0.077344784022673,0.075992607742951,0.075352820199101,0.875944403642978,0.078203175721904,0.079998705155041,0.077250580310323,0.082348367611195,0.072195034252328,0.072812633058582,0.078485610199642,0.077609684928739,0.079998705155041,0.081721151792537,0.076129714274212,0.081492243970301,0.080768496084525,0.081256549670595,0.077673883877114
Pseudomonas_aeruginosa_4065,0.087266256566694,0.086269093101968,0.084277169562641,0.080037345810046,0.087256185995763,0.082806583234882,0.081873294758544,0.080409266812988,0.0773826343182,0.083682210055977,0.09272360199175,0.077120480573335,0.083157355260189,0.083020623687845,0.087771521140534,0.079963242409041,0.085395261789516,0.087555710311155,0.074259886112391,0.080606268912076,0.086953411632919,0.079428187776683,0.086963298226002,0.081366975137915,0.078973876076683,0.071011570122552,0.072690318269381,0.086159666495039,0.079624634486747,0.081018534983819,0.085042250331178,0.082214835433742,0.076004274185394,0.081201001451276,0.848593076269016,0.083638708474454,0.080738052073311,0.819557373631488,0.64637981481516,0.807720803818101,0.090052783027514,0.090375280735335,0.792688234661734,1,0.086793244722963,0.086533801536551,0.644739281097624,0.766538768508986,0.081238205835016,0.082118663718127,0.079474753139333,0.080031500151622,0.078751399834132,0.077939590618712,0.846903692285281,0.080273612467066,0.079301380893511,0.079669252154421,0.080713050798142,0.073376239558602,0.075212738660159,0.079876763762393,0.080065312114795,0.079301380893511,0.080474024669177,0.07845262416136,0.078514819511155,0.081518228391201,0.08044658355909,0.078241157500603
Pseudomonas_aeruginosa_4061,0.087556593357476,0.087360256666929,0.079724442231224,0.07953636604722,0.086686769593742,0.079483404987418,0.079772156178905,0.076506339415201,0.078204671406046,0.079917225892819,0.089923568600528,0.078119028931618,0.079135115659504,0.078761632732573,0.113421724266597,0.07915895060141,0.089036099907132,0.087928431737146,0.076170636352486,0.077543490556562,0.087768754215056,0.075792791531794,0.085994904433742,0.077721144457286,0.078437203164349,0.06899622706226,0.070427103442264,0.08528409384072,0.074753284010053,0.075676828506103,0.077221659138291,0.07717001799047,0.07809245967791,0.077262203208666,0.079526061864792,0.082914142997958,0.082905927294562,0.079298646812102,0.079372863799096,0.080782878496372,0.219569268404136,0.219645784441656,0.080608622091169,0.080038969034833,1,0.911407783484829,0.078971835922344,0.094081558586445,0.081840435086412,0.083040087071754,0.086160271096894,0.082419759705432,0.082045413443952,0.081398637567729,0.079915185672122,0.082271878772027,0.087641468339677,0.08265089683147,0.088023513843803,0.075834638101671,0.075447221892969,0.082692438336596,0.0828611017222,0.087823966837168,0.087811436485533,0.081887055862615,0.080354870510751,0.097157257546735,0.082947225014166,0.077995783811452
Pseudomonas_aeruginosa_4064,0.087117411377415,0.08666749098645,0.078412185753316,0.07852488162286,0.085962070566471,0.078816226155434,0.078182670816683,0.07573977535663,0.077589150679015,0.079048715453428,0.089146661975517,0.077521190100766,0.077814243662416,0.078093112679792,0.114271181471232,0.078161428631928,0.088001398871827,0.087392265779733,0.075459643178656,0.076647721534622,0.087047967909045,0.075140494402437,0.084942718894943,0.07635581444732,0.077607787744456,0.068977037396729,0.070121406667337,0.084296364456547,0.073872838330509,0.074948404171283,0.076079942615034,0.076241112234731,0.077524456687277,0.076595413559537,0.078152898108073,0.082976162609138,0.082940550846499,0.078150522783371,0.078793995361665,0.079375128246348,0.226462230516089,0.226606090806523,0.079199423661466,0.079176249820037,0.95801320305238,1,0.078174783175723,0.093405040280012,0.081801830319466,0.083325847455658,0.080350621789653,0.080958065271282,0.080553507356332,0.079907152204527,0.078562141278538,0.080529739586443,0.08195562009733,0.081190547207642,0.081836543621149,0.074457607874667,0.07438556229156,0.08123965894939,0.081367146398868,0.082127799057436,0.081614485651167,0.080379409487222,0.079531550118556,0.097076580927983,0.081512335580055,0.07715458573766
Pseudomonas_aeruginosa_4068,0.081229001705908,0.081080666281352,0.079317762046093,0.073995611668751,0.078416374169397,0.079747764803503,0.078371796913146,0.076716143517669,0.073052394910072,0.080664162650183,0.087024019597171,0.072856708207454,0.079854597734336,0.078566774652329,0.080564129065143,0.07430628946646,0.079337134831631,0.081488290392183,0.068086514639245,0.071440769845133,0.079758122511091,0.07245602623505,0.081061738785233,0.074367607401523,0.074278815007153,0.065695281079017,0.06673747009786,0.079576310375868,0.075986067209438,0.077278745703373,0.07883777963034,0.077674576024826,0.073003275845951,0.077879484293136,0.719047203606094,0.076699255864061,0.073778249278059,0.668223112405294,0.937222796767882,0.799067957418903,0.085636251960278,0.086090542767605,0.786440656395784,0.688459177735016,0.083890733055012,0.083769864014076,1,0.756155793261391,0.074100846943099,0.075156139546915,0.074642610306992,0.074325835953454,0.073603486014536,0.072348130983034,0.714301916919991,0.075723053023935,0.077387435346312,0.074417620770124,0.078147278163634,0.070276357297819,0.071529789075495,0.075712909594396,0.074121448165085,0.077435967256043,0.077528712564729,0.072916761546213,0.079788755470973,0.077408432275477,0.077511518647817,0.072294929476994
Pseudomonas_aeruginosa_4057,0.079029737690955,0.078079382748032,0.069706400077448,0.068496991272251,0.077552340992102,0.069685858182209,0.069362307652209,0.068758052291545,0.069326652836888,0.069365897401379,0.077415541516775,0.069245311999649,0.069275695177869,0.069643121458635,0.077308984155705,0.068992995650471,0.079381352741249,0.078031406296203,0.066013762206193,0.066913927190653,0.073922948295506,0.067122263021635,0.079002472678273,0.071022840743999,0.07122712708486,0.065124139011737,0.066698875050316,0.078474517407487,0.068080463457055,0.068816460159242,0.069627954871896,0.068969402706367,0.068186176306945,0.069389255774247,0.205615083166336,0.071909288561632,0.07062735227241,0.19490715097598,0.18762772959517,0.223202239458541,0.073943675859339,0.073972801448004,0.219377955736118,0.196752623954493,0.072748948387886,0.07244921652198,0.185976304876173,1,0.069949300085071,0.071267798646299,0.069195951547261,0.069892193471285,0.069207032536858,0.068649343036762,0.203677578302822,0.070262506566246,0.070605129148717,0.070041527699225,0.071024709507817,0.064904925353379,0.064987791966243,0.070089544893489,0.069614361790531,0.070649429376041,0.070610193195385,0.068832020036114,0.066925576733748,0.069199457360166,0.069999453621622,0.071643226135392
Pseudomonas_aeruginosa_4025,0.085842897028408,0.086114869700622,0.074960032589552,0.073339295625609,0.084996648613051,0.074345141777839,0.074649147220087,0.073604114847311,0.075188207508322,0.072429322696522,0.081830731286516,0.07517769152353,0.075047427104893,0.07458169232086,0.081972930502509,0.075227735263596,0.086812047440552,0.086213760080268,0.0708465751549,0.076680159902268,0.156866559258958,0.074682309710557,0.084095477405765,0.078055508324893,0.079314150165724,0.068637832234196,0.070363637132244,0.081785784176593,0.071286210292045,0.071075555175014,0.074833960501346,0.071609343649302,0.078571132442765,0.073278982984392,0.074037531053786,0.900521118358002,0.937539605237245,0.07314245565093,0.073254905735696,0.074616092592195,0.085296852534229,0.085159021028567,0.074562247636209,0.074987488899785,0.079564049949769,0.079994572787092,0.073405208850073,0.085337685353373,1,0.96542806255919,0.075145647656617,0.078156037262306,0.077141303088027,0.075071683932007,0.075259486573804,0.077911180586035,0.078195825163625,0.078263067396645,0.078372583201762,0.076294603629963,0.076294237277564,0.076514173745114,0.078336412880602,0.078159737108771,0.078122376210059,0.075891070258117,0.074532504663222,0.079375290201182,0.076683521446084,0.07717290926965
Pseudomonas_aeruginosa_4063,0.081773837125383,0.08113497385853,0.072263453428552,0.07039745609634,0.080333578546469,0.070503325240481,0.070538897060365,0.070255742251902,0.072653558079026,0.069442788983009,0.079035182280684,0.072742009495072,0.072193410701236,0.071090171272905,0.077883066318143,0.072487705168936,0.082245955243636,0.081348028696472,0.067813752730096,0.073570156566328,0.14780272684951,0.070383333212081,0.079789086832305,0.07354172434966,0.074558352089793,0.065196044730479,0.067123283716378,0.078686784134375,0.067837383822607,0.067714532010184,0.071478988787232,0.067713761684815,0.074537409656761,0.069942414797052,0.070141817639779,0.900290194685619,0.924249978198981,0.069247928988152,0.070485006979029,0.070658845070839,0.082786738152614,0.082874268883669,0.070579440368846,0.071049367364632,0.075915888268398,0.075823444383393,0.070293120984092,0.080917303444344,0.85114707533391,1,0.071733497637743,0.074608839401265,0.072895924080188,0.071300756871262,0.071400232824559,0.074294537283786,0.074601789884211,0.074806624131152,0.074973819124822,0.072556897074526,0.072101562301424,0.073714168807396,0.074992971677631,0.074598691320011,0.074892967430758,0.071600486697329,0.070368460327554,0.075007539866626,0.073399961480955,0.073496814092945
Pseudomonas_aeruginosa_4002,0.081817708087309,0.080618491626244,0.075491469063956,0.073601508521049,0.081791084056451,0.073983955660758,0.073424847300664,0.073080334096763,0.074088636273331,0.073728275877319,0.25047144402619,0.074103306110364,0.074075522864815,0.074661621886526,0.081273133393502,0.075461800894506,0.080715477628895,0.081837207304904,0.071896479500033,0.074635468148786,0.080375362883916,0.075470785505465,0.080819456740856,0.072059987300154,0.07430627625654,0.065063080023122,0.065658897645497,0.080297118099033,0.072085333042261,0.070582082936907,0.073258583452154,0.072750956359555,0.082999762816756,0.072994656253436,0.075052512626836,0.078874004035981,0.077688202581586,0.073840903457484,0.076747768586781,0.076021547306712,0.078288680361242,0.078050286903261,0.076059406018001,0.073799475454689,0.087731226124022,0.081286043753531,0.076809809547732,0.084695461755966,0.076538768319133,0.078111312866475,1,0.866275381550455,0.877997232882337,0.849157286524577,0.075849800516402,0.885417932934352,0.869017889863503,0.877583448566645,0.886931913327199,0.072889811367606,0.074930627734984,0.917326579982134,0.888618812094512,0.879303066461971,0.865380170178011,0.855284816421235,0.073215083929665,0.079748677664676,0.868979193644856,0.073247315393282
Pseudomonas_aeruginosa_4047,0.076347567177416,0.075008288658493,0.069343962297195,0.069429184624114,0.076318312788131,0.068908063385216,0.068571800955372,0.066760322676725,0.069661057782673,0.068853988503584,0.247292279982808,0.069652140165494,0.069004276284747,0.068216149892876,0.07652334069099,0.0704243693831,0.076130252014382,0.075516192319584,0.067281642372636,0.068831876448138,0.075045671483417,0.069311777290229,0.075998498908681,0.06722566824867,0.069976200046682,0.06108768950366,0.061841279875088,0.075933328891076,0.067656005331441,0.065125111009982,0.067917387207525,0.06815860609217,0.079186859379862,0.068410764879958,0.070251379003553,0.074426113441463,0.072377225906024,0.069499340872743,0.069450992157778,0.069573089546239,0.078876810320992,0.079088815214462,0.069573089546239,0.069929763295093,0.075121914390967,0.075423581139347,0.069863055963851,0.078653911884869,0.071307530665198,0.073299703619586,0.823818199605345,1,0.961882643373857,0.889388043460394,0.069576546618033,0.872109753649728,0.8512400193603,0.978372233370646,0.868950691865289,0.069559680823213,0.069973264396492,0.9296786151761,0.979402782739816,0.861739713522678,0.843796463008774,0.943907296571408,0.067823721697268,0.072508665970105,0.852731849156745,0.066820511015726
Pseudomonas_aeruginosa_4032,0.076578496770461,0.075508563697805,0.070013862936761,0.069922726112115,0.076548304391808,0.069858039366851,0.069261751555382,0.067858747260558,0.069971529150005,0.069931143062408,0.240621984366169,0.069953359105273,0.069232752338345,0.069329492907477,0.076395832240024,0.070936177354656,0.076602115095973,0.075794141777342,0.067773040478062,0.06931990735832,0.075783496530924,0.070302686447172,0.07608196220127,0.06765848891813,0.069755395372725,0.061455828068375,0.062173195556373,0.075982551422753,0.068490732641339,0.065978548395472,0.068566871486403,0.068915058590727,0.078405967493192,0.068940137316761,0.070377953489557,0.074678467199375,0.072632097676238,0.069645657890839,0.070068812111726,0.069660353475488,0.079245265701771,0.079395863585914,0.069660353475488,0.070415279523178,0.075573797842159,0.075905385115803,0.070275715489939,0.078938764369541,0.071830605245298,0.073554983485602,0.833209022988259,0.957487941951026,1,0.894125302554106,0.070073715416216,0.865730992881385,0.843310364851745,0.969227076946502,0.861950537087944,0.069963739835851,0.069967023460874,0.920991138476439,0.971855350484032,0.854235818666748,0.837485389142686,0.93995848034256,0.068163270123095,0.073179795997334,0.85239166223485,0.067356707832969
Pseudomonas_aeruginosa_4031,0.083161649927689,0.082108076008805,0.075952852178743,0.075139775167439,0.082551183437107,0.07513394042765,0.074193774726004,0.072780855820065,0.074428431621394,0.075371673642094,0.245450143691039,0.074409669075203,0.074273081499262,0.07460196557679,0.082620036597273,0.075723540163585,0.082466146083189,0.081913903121352,0.072409539607086,0.074646933142837,0.081234941190117,0.075394006151224,0.082156704931093,0.073500227997567,0.075667453344948,0.067162936753514,0.067908577392842,0.082174212720923,0.073568073781582,0.070583935263122,0.07339431442177,0.073351840157081,0.082420781559529,0.073613716357171,0.075210019382047,0.080164392467044,0.078179365081892,0.074774902215129,0.074121493724714,0.074627148228329,0.084848484970005,0.085055787219423,0.074627148228329,0.074482323767346,0.081278851755904,0.081518695941345,0.074295108536504,0.084589871856008,0.077249245923351,0.0790752515404,0.861373122207386,0.943231761053717,0.956595083373728,1,0.074741992605619,0.850363681937812,0.854752518166186,0.954870258369205,0.859328427449144,0.081180184187942,0.082004463991936,0.903703326086921,0.958198670099234,0.865386755468225,0.837738418226915,0.946811271846051,0.073280721187066,0.080399374080619,0.865265836572883,0.073934680520278
Pseudomonas_aeruginosa_4049,0.087505077033516,0.086205449737076,0.085180951582932,0.077219136702709,0.085440816062569,0.084777642956584,0.083815865585805,0.084693093003748,0.075582983810221,0.085599093788752,0.093272471318668,0.075341894056275,0.084811810717448,0.087321304620531,0.089036405380101,0.078117302792983,0.085833920936605,0.087872708000109,0.072504372688757,0.082357302015326,0.089240871623463,0.077821208525143,0.086299676563386,0.080897552221039,0.080308382496004,0.069823569985962,0.071045796161137,0.083458981629443,0.079467480071555,0.081133845785397,0.088349343786768,0.081313825896819,0.075301654333067,0.081361107661386,0.84990311783844,0.082412083199009,0.078981076632333,0.795693980488891,0.694460689582878,0.883105692257893,0.09030447476736,0.090389600970113,0.868627030665935,0.868362731301769,0.089026169338238,0.087799527042027,0.679651981262797,0.824970990056618,0.080351155773439,0.081213548002564,0.078581109474301,0.078595591009757,0.077812866704463,0.076503310409192,1,0.079985361975571,0.081093211060609,0.078865156658157,0.082172056158787,0.072881740878163,0.073877291771887,0.080034453243937,0.078938225995246,0.081152306894352,0.081905116605973,0.078272268205361,0.078727433160013,0.082027281611,0.081682748710681,0.078461857673442
Pseudomonas_aeruginosa_4070,0.074114575903938,0.072993692296385,0.068654454910139,0.067818357789883,0.074404721131392,0.066630979269644,0.068019930005381,0.065592050431548,0.067588406502067,0.066525421069206,0.247356676298393,0.067580555501564,0.068796752125408,0.066749021594801,0.075619858484853,0.068723579856513,0.074527982669395,0.073816621234573,0.065840793870404,0.067888400797201,0.073302210558765,0.06809368278075,0.07345833300961,0.065107890479442,0.0684788848679,0.06000547372277,0.060589952026306,0.073326445476562,0.065299003646967,0.063588477727519,0.065922141255209,0.065608122459135,0.077241796758041,0.065724653751501,0.068003474836978,0.071483586525989,0.070138118629961,0.067018203260923,0.068793664837731,0.067805139204192,0.071585324150711,0.071772991539206,0.067805139204192,0.067628884146645,0.072452848055602,0.073194584261805,0.069265807173729,0.077041068068501,0.069563847452679,0.070964521518178,0.826267166539228,0.857841302288096,0.855781258892397,0.789480408941725,0.067806506360901,1,0.836626136953504,0.869920417340613,0.860722272432131,0.067203216716823,0.068091666843084,0.900766914276931,0.874308148999118,0.844833478699499,0.83564168605612,0.836854232831023,0.065523463416812,0.071720665534525,0.81329334470457,0.066809261026399
Pseudomonas_aeruginosa_4026,0.078273941198764,0.076825268916977,0.06889400026181,0.070169066753933,0.078637691763919,0.069133179043513,0.070884945956181,0.067971893030837,0.071008235831319,0.069628384999527,0.247353682535172,0.071026673788784,0.070862808780764,0.069088649877681,0.078494244515351,0.072379142096358,0.077643155021706,0.076010620161254,0.067780261177251,0.070536870846185,0.075433228297786,0.068924700246186,0.076157036796382,0.067338968064472,0.071099368326136,0.06329464525067,0.064079005632032,0.075495658603624,0.066641578674097,0.06639079323274,0.068368298735598,0.067562570688588,0.078511069457721,0.067758779625803,0.071376327885694,0.07402167549799,0.073531994117683,0.069977214528557,0.071336800554452,0.072024573922432,0.074420539206701,0.074640716794865,0.071998142110593,0.070404676979149,0.083685347205227,0.076154714642588,0.071422455194998,0.080135814506115,0.072581671470196,0.073574464696455,0.820905725535445,0.846987664528766,0.843263289283405,0.803178058309521,0.072228193083465,0.839901941484161,1,0.858115505261683,0.93530145092626,0.070036817452834,0.070387629165859,0.865124635014093,0.861924828637593,0.990159689897384,0.909330217656911,0.82476042448716,0.068362655971133,0.076521912670521,0.863531716602963,0.069693993318195
Pseudomonas_aeruginosa_4020,0.076111385432109,0.074808008503687,0.069262882763159,0.069418447394791,0.07588824360551,0.068507467676916,0.068703175491043,0.066429907826702,0.069392747299406,0.068715892803541,0.250157254744598,0.069375002207759,0.0690121338777,0.067838103135943,0.075648048202718,0.070668367640143,0.075971228666312,0.075438479184418,0.067240915694234,0.068719964818433,0.07468310940294,0.069082297962821,0.075902593872616,0.06685464717112,0.07028188357343,0.060641396009803,0.061583708324975,0.075757477310791,0.067827845097103,0.065272962570589,0.067916650879524,0.067990053104373,0.078162036754839,0.068438900690125,0.069718687043326,0.073973697684988,0.0719199414977,0.069019949311175,0.069100524089418,0.069066551571028,0.081626861923646,0.081758403456271,0.069066551571028,0.069550127170045,0.074675590126617,0.075035284665253,0.069359139435012,0.078478459905703,0.070830780898187,0.072866325233186,0.83230731881138,0.973599010023265,0.970687521586542,0.90105395586377,0.069183031074774,0.878532520365878,0.856756158268102,1,0.875161281220665,0.069231402403736,0.069477861425966,0.93778816012703,0.987916536418058,0.867524364683394,0.850542248722799,0.949294218877148,0.067557612385487,0.073005736862657,0.859738115999442,0.06676186889016
Pseudomonas_aeruginosa_4008,0.075992675528673,0.074678477461651,0.069493012173694,0.068734381894476,0.076740251839145,0.068761833152498,0.068665757059855,0.067096006553587,0.069643169395678,0.069163788075592,0.246883868311172,0.069671659962266,0.06865581603863,0.068515694016673,0.075829641215091,0.071298367911467,0.075511488916769,0.075690413592198,0.067315043095795,0.06903156502291,0.075155578369207,0.06797719930196,0.075591113251568,0.066362316107425,0.068821188996629,0.062113705500019,0.063050674791684,0.075014507131969,0.066164478634476,0.065503582982674,0.066607256347901,0.066165328006962,0.0784505374684,0.066932715585462,0.069273729474458,0.073464628918431,0.073286648779619,0.068390135694517,0.069990953105535,0.070839173511291,0.072457892679824,0.072261115342119,0.070839173511291,0.069195344023855,0.082320665435993,0.074770384800097,0.069722457996444,0.078900278672712,0.071807843813596,0.07336460062551,0.822435818877882,0.853467705139044,0.850121061856448,0.796027528319276,0.069809948506838,0.848035041147647,0.923138333507376,0.864773740151673,1,0.070511333314311,0.070607961381816,0.878531647258041,0.868706630244743,0.934285947530308,0.97354190480126,0.831534843974406,0.067236455375323,0.0745705557228,0.86771397894904,0.068558738903066
Pseudomonas_aeruginosa_4067,0.082546645070786,0.082621219764267,0.076172202744789,0.075674842943588,0.082558152604574,0.080694920861897,0.075432759764438,0.075271097452169,0.076268856182083,0.080966198966552,0.084864869027039,0.076245827442216,0.075144817866866,0.080180938036237,0.082465862993538,0.077851250748013,0.084875263757279,0.083991039974598,0.073988997991511,0.07819285846765,0.085684345217033,0.077828819599403,0.080652237810855,0.075979986979398,0.074545380629838,0.063491318947386,0.064520405943373,0.079568207890267,0.07548869883953,0.073460973979593,0.076147164570409,0.075781507381804,0.073407209519612,0.075991659880609,0.07836663121013,0.084167306462929,0.084909156142945,0.07776368509442,0.077630620961025,0.077773062669349,0.082120830113351,0.081844176917365,0.077767088032099,0.078023991466179,0.078895777407162,0.078658484647691,0.077809288554872,0.08689170696704,0.085691505822326,0.08670199579637,0.079718620049981,0.081638095775068,0.081268609204134,0.088123100749193,0.078014211640082,0.080942608205102,0.080354447550128,0.081323174951509,0.079862612029971,1,0.72861567012569,0.080757987368498,0.081149233747718,0.080354447550128,0.078993287225811,0.079292766474891,0.078356868625311,0.119673151540243,0.080364218989649,0.076249571500302
Pseudomonas_aeruginosa_4069,0.082096820999943,0.081114253711834,0.072589037810888,0.077375147093729,0.079580071587367,0.077744805207903,0.072113575140171,0.071562642373785,0.07640118284349,0.07786919890202,0.082124205793396,0.076331190775924,0.072754893125091,0.078121616928113,0.081404596375881,0.076726325318001,0.082862377562283,0.080440004321438,0.071307806076751,0.075892067895792,0.082726526967432,0.075739880972116,0.077083728279584,0.072705598428211,0.072389742389088,0.062698431957517,0.063862544827552,0.076539459926041,0.074459334902261,0.073218975163671,0.074089600678431,0.073580724681586,0.07080803369435,0.074270600074185,0.075001676189423,0.080252623610587,0.081704777796349,0.075290426982535,0.076340017052083,0.074969241525257,0.07797715101352,0.077854885497957,0.074969241525257,0.076253596534412,0.077642506563181,0.07710446942852,0.076353342909264,0.082824051070186,0.08112665180389,0.0825948637641,0.077415892129684,0.078896499839207,0.078779219717042,0.087905241578716,0.076029130674394,0.079135425179773,0.078150906942055,0.078293808080653,0.078720248796609,0.71468012149842,1,0.078569920941354,0.077866152325599,0.078162041187654,0.077946382986718,0.076638841304653,0.077952030622665,0.118621766516345,0.078294683857238,0.074980893982542
Pseudomonas_aeruginosa_4066,0.07571837099312,0.074612663337609,0.069150131819464,0.06897065200579,0.075304153193409,0.067671680114797,0.06941120442208,0.065817345301449,0.069154005951153,0.067651166835693,0.24937398523749,0.069172911008805,0.068828161333912,0.06734583147718,0.076009495949955,0.069305535935913,0.075958725383902,0.074983231068493,0.066062947107716,0.067943941781581,0.074505846985998,0.06761248548382,0.075057643881242,0.066709305578483,0.069997119157025,0.059399662203805,0.060375102811615,0.075129570658544,0.066656102224835,0.0641856970311,0.067159191541328,0.066641862702878,0.078781752843559,0.067573470212203,0.069162114514124,0.0727662877268,0.070445772550968,0.068376021869713,0.06969791055606,0.069004153324633,0.080694720323727,0.080596377635221,0.069004153324633,0.069321246398863,0.072958177754625,0.073313441630081,0.069722137510977,0.078594034182845,0.069942007479043,0.071897627624971,0.843632191103773,0.911755741144476,0.908762385967524,0.835291705018929,0.069237224725634,0.880673462706477,0.845582917934813,0.923113632273334,0.871634754012598,0.067700158304974,0.068869461897647,1,0.92776381620387,0.856050889292721,0.84661610333736,0.891228669400129,0.066896351007549,0.072709743903181,0.849949908733593,0.067399793876768
Pseudomonas_aeruginosa_4029,0.075767252898803,0.074468145296178,0.069179408879404,0.068949596954948,0.075569868514375,0.06865030791866,0.068502985723498,0.066450724440204,0.068864185841392,0.068758766603337,0.247877991684804,0.068846243190299,0.068840273080972,0.068002062294656,0.075558373492721,0.070022730332601,0.075662966522832,0.074888621328084,0.066728256840715,0.068469006366953,0.074363282768696,0.06906896710655,0.075725680896847,0.066517409067256,0.069611136230724,0.060490612154884,0.06140176414325,0.075604997534477,0.067488384501377,0.064886621000424,0.067632210648837,0.067771563758195,0.078753244053852,0.068055523055794,0.06954105561732,0.073955354064819,0.071884316262225,0.06882661765506,0.068911537822058,0.068895439780867,0.081243441190636,0.081403698075249,0.068895439780867,0.069359571037626,0.074130050078232,0.074490304308875,0.069227458502961,0.078406123077348,0.07082274187738,0.072870131959472,0.836209610128126,0.972144909824157,0.96930362817691,0.897608116938562,0.068992834326889,0.878895114783456,0.856776937674288,0.984814223272686,0.87538345373505,0.068783416028046,0.069301789331122,0.938818803504497,1,0.867692694252626,0.850499700457637,0.955522501811844,0.067402276003576,0.072167805033562,0.865417411524569,0.066409723533922
Pseudomonas_aeruginosa_4005,0.076544840520357,0.075047910971851,0.067742213028017,0.068664015309917,0.07699724489074,0.067418598859746,0.069010835734226,0.066224897910502,0.069265071338017,0.067847858410707,0.248046355441498,0.069283711910399,0.069062666331709,0.06735393380232,0.076565454302384,0.071032633129782,0.075771248055425,0.0742346645046,0.066139362062089,0.069249524281324,0.074110287838193,0.067273080152931,0.074682514120632,0.066122573724687,0.070083511737825,0.062195400291783,0.062953941133354,0.07405112346311,0.064940051419849,0.064946715695852,0.06657833539963,0.065864078681242,0.07717174057895,0.066096203324095,0.069902135257581,0.072632543461837,0.072085089281606,0.068998458629571,0.070253229795764,0.07071320494005,0.072425357245743,0.072647954367843,0.070728748095622,0.069130944366879,0.081816460543352,0.074183716068217,0.070083932852826,0.078408974898583,0.071309820603391,0.072228260523709,0.827780266147002,0.854617161478045,0.851049056653606,0.807864571418358,0.071030296623526,0.847860270237488,0.988185851823021,0.865784050801709,0.944195138111953,0.068715707489798,0.068659184235122,0.872584279265848,0.869663219776353,1,0.91793850667481,0.832372257412088,0.066733677660067,0.074953854547681,0.871420657614866,0.068288595495663
Pseudomonas_aeruginosa_4003,0.076499097449752,0.075220194976088,0.069855009451067,0.069019384523705,0.07728182311499,0.069200401967058,0.068962242965739,0.067643915472968,0.070133286774331,0.069609599998293,0.248202857901762,0.070172832370294,0.068911542224712,0.069058890395891,0.076359220516895,0.071662836590998,0.076035947125945,0.07609395288867,0.067498874826771,0.069479753510884,0.075658256818622,0.068436393487996,0.076196606359295,0.066800013753686,0.069296654143763,0.062415602049722,0.063362867707229,0.075605053520106,0.066648436879719,0.065933713421671,0.066996536570248,0.066632295249381,0.078876655620816,0.067478793408379,0.069592239187176,0.073803730304274,0.073739477525037,0.068725813828551,0.070373541836978,0.07120975830278,0.072638294441175,0.072391970577707,0.07120975830278,0.069532815082047,0.082756692426667,0.075123441673893,0.070095638440728,0.07954018220957,0.072242949580633,0.073802554695024,0.811840616939785,0.842216992414211,0.83882810566216,0.787743547334506,0.070153717578312,0.836607789409519,0.911982778673687,0.853647269569836,0.989227500329553,0.070805057082864,0.070927844805603,0.867450033774642,0.857623378235357,0.923252893949617,1,0.82873075229265,0.067665303854817,0.075050902424632,0.856973411017511,0.069067408069624
Pseudomonas_aeruginosa_4030,0.076989376112224,0.075823504651586,0.070596703468519,0.069644207370256,0.076975637473197,0.069595484985602,0.069322585811785,0.067464099939013,0.06995088170111,0.069676072021218,0.241666062280012,0.069944407530866,0.069665997590768,0.068970623333362,0.076961874507034,0.070682670189199,0.077122299859176,0.076093749818051,0.067890448713793,0.069427501379145,0.075574080406687,0.070202472413036,0.076431779598295,0.068024145699911,0.069911553239469,0.061776828420913,0.06267946797071,0.076231766646724,0.068660599195923,0.066123560693686,0.068763626810461,0.06910468043662,0.078986873637816,0.069299012343267,0.069967993052076,0.074346692321787,0.072223558185219,0.069339133057778,0.069463363824788,0.069222034134042,0.079817764621071,0.079928556768514,0.069286835948493,0.069727227382313,0.075547085370724,0.075857154670848,0.069800290910776,0.079386971806933,0.071526149000773,0.073149817388468,0.819196215548813,0.941653028275519,0.950756025453739,0.900700293134469,0.069381185323663,0.84983734045448,0.828722023091708,0.950447707957363,0.846595874365418,0.0696795801564,0.070697514671598,0.906768989575874,0.961995742356783,0.84011985879495,0.8227799756821,1,0.068520037323109,0.073437831673939,0.839853315441041,0.067497854587856
Pseudomonas_aeruginosa_4021,0.081210321005463,0.079625828980235,0.090584283998084,0.074991162023247,0.080576849623398,0.090736756775549,0.097259805844693,0.089516471449045,0.075219939162961,0.092742803477914,0.103117906039842,0.075203408382932,0.096443040954626,0.094323590215902,0.085362917005291,0.079329805631496,0.081789163128978,0.0782490772585,0.071617653531093,0.147472172011759,0.151115708267368,0.073028561021668,0.079525279175085,0.07069633090997,0.072142518056496,0.062845523057708,0.063853921586224,0.077941681700153,0.128715664211882,0.139231569864706,0.145437910505678,0.14146415820701,0.070824553281966,0.143561943058412,0.085510043824877,0.078663433516398,0.077501413582409,0.084602440488076,0.082940057068287,0.084956519148948,0.078158115966977,0.078327842777626,0.084956519148948,0.078387515503533,0.08144031014912,0.082179823012526,0.082889814327606,0.092047966305975,0.076626054571582,0.078836976582536,0.076307754757733,0.077844099332237,0.076909002105528,0.075573327191947,0.079194076174808,0.076964875075268,0.075537190050689,0.077559438138486,0.078214640415127,0.075436897679158,0.074302507459879,0.077351492082235,0.077333090186713,0.076422887891726,0.077388989869116,0.075544206032805,1,0.075440946941709,0.077284527335408,0.070015255323645
Pseudomonas_aeruginosa_4045,0.091375950550276,0.090804083548948,0.081998580863724,0.088806885205481,0.089669588000584,0.08271777182195,0.084723284089904,0.081910872367766,0.088242798672955,0.082982516542154,0.0982853304935,0.088175150122717,0.08473874398042,0.083680324015649,0.091939027471251,0.088203837100051,0.09284378400483,0.091288865898257,0.085900762649348,0.084110580813756,0.090486326929293,0.086738324425251,0.089711520747495,0.083415015063088,0.087501182620811,0.07389716879404,0.075217973414794,0.089003807705393,0.078783602438234,0.080226383810167,0.081974479670979,0.080225197859808,0.083885622885074,0.080806690924392,0.084141017378151,0.088471244680331,0.089256006512446,0.08320601760432,0.085523482074324,0.085613894810305,0.089331232321461,0.089521319690025,0.085479592706694,0.084400680239002,0.10862986758475,0.110135593587954,0.085566431214735,0.095396542327739,0.088864967336822,0.090560805863452,0.087352128550707,0.088491394826697,0.088563438308083,0.087595844333323,0.086231312155472,0.089904273626044,0.09085546319285,0.089212898619216,0.09074278538991,0.100743656132648,0.100511571872209,0.089560836945724,0.088900014645445,0.09086208971279,0.090321161949751,0.08729081070875,0.084499681517492,1,0.089546422960532,0.082489546282471
Pseudomonas_aeruginosa_4017,0.078240411103772,0.076822335230543,0.07096249075327,0.070341767048198,0.077380449130975,0.071284836968793,0.070163732662063,0.068955963661478,0.070788226447168,0.07062876012264,0.255136964489737,0.070805074066796,0.069989805598245,0.070682243987287,0.077455064713149,0.071661586707035,0.078375041119416,0.077904943258797,0.067830312000666,0.071136488999735,0.077721874011803,0.070270225181004,0.077458099784636,0.068903710589848,0.070897587280023,0.062422107541021,0.062888837022112,0.076883446926784,0.068165857145897,0.066555306454566,0.06966207645193,0.069266930300779,0.078915687330879,0.069500253958064,0.071331685338583,0.073914572204409,0.073533551754531,0.069778502836254,0.071528597085418,0.072325094571472,0.073966451264597,0.074121503594872,0.072051440730703,0.070960583294033,0.076758200756645,0.076970335435248,0.071548974101536,0.080827569039943,0.071929256675973,0.073544481766551,0.836739311243658,0.879394437843198,0.883999365372264,0.836758274172579,0.072040329642202,0.85220170432776,0.895500693662035,0.890899189606712,0.912703774469548,0.069976904480818,0.070529815922441,0.900705157576139,0.903433522422081,0.906718599530041,0.883972232617035,0.867634268531913,0.068690057283838,0.074999033037426,1,0.069537213729122
Staphylococcus_virus_77,0.097606109801329,0.097855841427096,0.084279830199265,0.087023609796484,0.095400275190545,0.086718879826561,0.085643664687405,0.086738796020957,0.086379766165987,0.085632728278681,0.095594548887108,0.086379766165987,0.086120124174938,0.08778884767972,0.094239449877127,0.08613833578556,0.09737136967999,0.096775551983026,0.082413710285238,0.08377917615705,0.092492135083973,0.08243213819027,0.10159970339526,0.310528818431955,0.293558680075828,0.089296391201688,0.093932333850704,0.101286130426446,0.085692061416289,0.085412722448902,0.086378947409531,0.085363113236019,0.091569436072394,0.087174247233137,0.086214354529402,0.090174999831756,0.090395720427265,0.084666673255033,0.085955936486635,0.086896443492326,0.08888542580711,0.089033377620578,0.086534124651746,0.087183221678589,0.086840030227444,0.086452875867858,0.086559762529371,0.103548460386709,0.088749071328316,0.089061590891413,0.086015344945128,0.086139041588279,0.085936052252263,0.086609520633741,0.087279944877869,0.086856481850277,0.087413799766135,0.086409351840359,0.086537004347605,0.07881523591176,0.081070288889204,0.086506226456278,0.086300270615936,0.087733023414223,0.086336410590082,0.085577919125211,0.081536917177761,0.086601973992343,0.08655674921416,1
